DSA by Shradha Didi & Aman Bhaiya,,,,,,,,,,,,,,,,,,,,,,,,,
Meet us on Youtube (Apna College),,,,,,,,,,,,,,,,,,,,,,,,,
,,,How to solve this sheet?,,,,,,,,,,,,,,,,,,,,,,
,,,,,,,,,,,,,,,,,,,,,,,,,
Ideal Time : 5-10 mins,,,,,,,,,,,,,,,,,,,,,,,,,
Easy,Ideal Time : 5-10 mins,,,,,,,,,,,,,,,,,,,,,,,,
Medium,Ideal Time : 15-20 mins,5 Questions each Day,,,,,,,,,,,,,,,,,,,,,,,
Hard,Ideal Time : 40-60 mins (based on Qs) | 88 Qs,,,,,,,,,,,,,,,,,,,,,,,,
,,,,,,,,,,,,,,,,,,,,,,,,,
,,,,,,,,,,,,,,,,,,,,,,,,,
Topics,Question (375),Companies,Remarks,,,,,,,,,,,,,,,,,,,,,,
Arrays,Maximum and Minimum Element in an Array, ABCO Accolite Amazon Cisco Hike Microsoft Snapdeal VMWare Google Adobe,,,,,,,,,,,,,,,,,,,,,,,
Arrays,Reverse the Array, Infosys Moonfrog Labs,,,,,,,,,,,,,,,,,,,,,,,
